cell_id,neurotransmitter,evidence,source_label,source_row,source_ref
ADAL,glutamate,reporter_expression,Glu,5,wang_2024_nt_atlas
ADAR,glutamate,reporter_expression,Glu,6,wang_2024_nt_atlas
ADEL,dopamine,reporter_expression,DA,7,wang_2024_nt_atlas
ADER,dopamine,reporter_expression,DA,8,wang_2024_nt_atlas
ADFL,acetylcholine,reporter_expression,ACh,9,wang_2024_nt_atlas
ADFR,acetylcholine,reporter_expression,ACh,10,wang_2024_nt_atlas
ADLL,glutamate,reporter_expression,Glu,11,wang_2024_nt_atlas
ADLR,glutamate,reporter_expression,Glu,12,wang_2024_nt_atlas
AFDL,glutamate,reporter_expression,Glu,13,wang_2024_nt_atlas
AFDR,glutamate,reporter_expression,Glu,14,wang_2024_nt_atlas
AIAL,acetylcholine,reporter_expression,ACh,15,wang_2024_nt_atlas
AIAR,acetylcholine,reporter_expression,ACh,16,wang_2024_nt_atlas
AIBL,glutamate,reporter_expression,Glu,17,wang_2024_nt_atlas
AIBR,glutamate,reporter_expression,Glu,18,wang_2024_nt_atlas
AIML,glutamate,reporter_expression,Glu,19,wang_2024_nt_atlas
AIMR,glutamate,reporter_expression,Glu,20,wang_2024_nt_atlas
AINL,acetylcholine,reporter_expression,ACh,21,wang_2024_nt_atlas
AINR,acetylcholine,reporter_expression,ACh,22,wang_2024_nt_atlas
AIYL,acetylcholine,reporter_expression,ACh,23,wang_2024_nt_atlas
AIYR,acetylcholine,reporter_expression,ACh,24,wang_2024_nt_atlas
AIZL,glutamate,reporter_expression,Glu,25,wang_2024_nt_atlas
AIZR,glutamate,reporter_expression,Glu,26,wang_2024_nt_atlas
ALA,gaba,reporter_expression,GABA,27,wang_2024_nt_atlas
ALML,glutamate,reporter_expression,Glu,28,wang_2024_nt_atlas
ALMR,glutamate,reporter_expression,Glu,29,wang_2024_nt_atlas
ALNL,acetylcholine,reporter_expression,ACh,30,wang_2024_nt_atlas
ALNR,acetylcholine,reporter_expression,ACh,31,wang_2024_nt_atlas
AQR,glutamate,reporter_expression,Glu,32,wang_2024_nt_atlas
AS1,acetylcholine,reporter_expression,ACh,33,wang_2024_nt_atlas
AS10,acetylcholine,reporter_expression,ACh,42,wang_2024_nt_atlas
AS11,acetylcholine,reporter_expression,ACh,43,wang_2024_nt_atlas
AS2,acetylcholine,reporter_expression,ACh,34,wang_2024_nt_atlas
AS3,acetylcholine,reporter_expression,ACh,35,wang_2024_nt_atlas
AS4,acetylcholine,reporter_expression,ACh,36,wang_2024_nt_atlas
AS5,acetylcholine,reporter_expression,ACh,37,wang_2024_nt_atlas
AS6,acetylcholine,reporter_expression,ACh,38,wang_2024_nt_atlas
AS7,acetylcholine,reporter_expression,ACh,39,wang_2024_nt_atlas
AS8,acetylcholine,reporter_expression,ACh,40,wang_2024_nt_atlas
AS9,acetylcholine,reporter_expression,ACh,41,wang_2024_nt_atlas
ASEL,glutamate,reporter_expression,Glu,44,wang_2024_nt_atlas
ASER,glutamate,reporter_expression,Glu,45,wang_2024_nt_atlas
ASGL,glutamate,reporter_expression,Glu,46,wang_2024_nt_atlas
ASGR,glutamate,reporter_expression,Glu,47,wang_2024_nt_atlas
ASHL,glutamate,reporter_expression,Glu,48,wang_2024_nt_atlas
ASHR,glutamate,reporter_expression,Glu,49,wang_2024_nt_atlas
ASIL,betaine,uptake_not_synthesis,*betaine (uptake) - NEW,50,wang_2024_nt_atlas
ASIR,betaine,uptake_not_synthesis,*betaine (uptake) - NEW,51,wang_2024_nt_atlas
ASJL,acetylcholine,reporter_expression,ACh,52,wang_2024_nt_atlas
ASJR,acetylcholine,reporter_expression,ACh,53,wang_2024_nt_atlas
ASKL,glutamate,reporter_expression,Glu,54,wang_2024_nt_atlas
ASKR,glutamate,reporter_expression,Glu,55,wang_2024_nt_atlas
AUAL,glutamate,reporter_expression,Glu,56,wang_2024_nt_atlas
AUAR,glutamate,reporter_expression,Glu,57,wang_2024_nt_atlas
AVAL,acetylcholine,reporter_expression,ACh,58,wang_2024_nt_atlas
AVAR,acetylcholine,reporter_expression,ACh,59,wang_2024_nt_atlas
AVBL,acetylcholine,reporter_expression,ACh,60,wang_2024_nt_atlas
AVBR,acetylcholine,reporter_expression,ACh,61,wang_2024_nt_atlas
AVDL,acetylcholine,reporter_expression,ACh,62,wang_2024_nt_atlas
AVDR,acetylcholine,reporter_expression,ACh,63,wang_2024_nt_atlas
AVEL,acetylcholine,reporter_expression,ACh,64,wang_2024_nt_atlas
AVER,acetylcholine,reporter_expression,ACh,65,wang_2024_nt_atlas
AVFL,gaba,uptake_not_synthesis,GABA (uptake),66,wang_2024_nt_atlas
AVFR,gaba,uptake_not_synthesis,GABA (uptake),67,wang_2024_nt_atlas
AVG,acetylcholine,reporter_expression_dim_variable,*ACh,68,wang_2024_nt_atlas
AVHL,unknown,orphan_no_pathway_gene_detected,unknown (orphan),69,wang_2024_nt_atlas
AVHR,unknown,orphan_no_pathway_gene_detected,unknown (orphan),70,wang_2024_nt_atlas
AVJL,gaba,reporter_expression_dim_variable,*GABA,71,wang_2024_nt_atlas
AVJR,gaba,reporter_expression_dim_variable,*GABA,72,wang_2024_nt_atlas
AVKL,unknown,orphan_no_pathway_gene_detected,"unknown (orphan, unc-47 expression)",73,wang_2024_nt_atlas
AVKR,unknown,orphan_no_pathway_gene_detected,"unknown (orphan, unc-47 expression)",74,wang_2024_nt_atlas
AVL,gaba,reporter_expression,GABA,75,wang_2024_nt_atlas
AVM,glutamate,reporter_expression,Glu,76,wang_2024_nt_atlas
AWAL,acetylcholine,reporter_expression_dim_variable,*ACh - NEW,77,wang_2024_nt_atlas
AWAR,acetylcholine,reporter_expression_dim_variable,*ACh - NEW,78,wang_2024_nt_atlas
AWBL,acetylcholine,reporter_expression,ACh,79,wang_2024_nt_atlas
AWBR,acetylcholine,reporter_expression,ACh,80,wang_2024_nt_atlas
AWCL,glutamate,reporter_expression,Glu,81,wang_2024_nt_atlas
AWCR,glutamate,reporter_expression,Glu,82,wang_2024_nt_atlas
BAGL,glutamate,reporter_expression,Glu,83,wang_2024_nt_atlas
BAGR,glutamate,reporter_expression,Glu,84,wang_2024_nt_atlas
BDUL,unknown,orphan_no_pathway_gene_detected,unknown (orphan),85,wang_2024_nt_atlas
BDUR,unknown,orphan_no_pathway_gene_detected,unknown (orphan),86,wang_2024_nt_atlas
CANL,betaine,uptake_not_synthesis,betaine (uptake),87,wang_2024_nt_atlas
CANR,betaine,uptake_not_synthesis,betaine (uptake),88,wang_2024_nt_atlas
CEPDL,dopamine,reporter_expression,DA,89,wang_2024_nt_atlas
CEPDR,dopamine,reporter_expression,DA,90,wang_2024_nt_atlas
CEPVL,dopamine,reporter_expression,DA,91,wang_2024_nt_atlas
CEPVR,dopamine,reporter_expression,DA,92,wang_2024_nt_atlas
DA1,acetylcholine,reporter_expression,ACh,93,wang_2024_nt_atlas
DA2,acetylcholine,reporter_expression,ACh,94,wang_2024_nt_atlas
DA3,acetylcholine,reporter_expression,ACh,95,wang_2024_nt_atlas
DA4,acetylcholine,reporter_expression,ACh,96,wang_2024_nt_atlas
DA5,acetylcholine,reporter_expression,ACh,97,wang_2024_nt_atlas
DA6,acetylcholine,reporter_expression,ACh,98,wang_2024_nt_atlas
DA7,acetylcholine,reporter_expression,ACh,99,wang_2024_nt_atlas
DA8,acetylcholine,reporter_expression,ACh,100,wang_2024_nt_atlas
DA9,acetylcholine,reporter_expression,ACh,101,wang_2024_nt_atlas
DB1,acetylcholine,reporter_expression,ACh,102,wang_2024_nt_atlas
DB2,acetylcholine,reporter_expression,ACh,103,wang_2024_nt_atlas
DB3,acetylcholine,reporter_expression,ACh,104,wang_2024_nt_atlas
DB4,acetylcholine,reporter_expression,ACh,105,wang_2024_nt_atlas
DB5,acetylcholine,reporter_expression,ACh,106,wang_2024_nt_atlas
DB6,acetylcholine,reporter_expression,ACh,107,wang_2024_nt_atlas
DB7,acetylcholine,reporter_expression,ACh,108,wang_2024_nt_atlas
DD1,gaba,reporter_expression,GABA,109,wang_2024_nt_atlas
DD2,gaba,reporter_expression,GABA,110,wang_2024_nt_atlas
DD3,gaba,reporter_expression,GABA,111,wang_2024_nt_atlas
DD4,gaba,reporter_expression,GABA,112,wang_2024_nt_atlas
DD5,gaba,reporter_expression,GABA,113,wang_2024_nt_atlas
DD6,gaba,reporter_expression,GABA,114,wang_2024_nt_atlas
DVA,acetylcholine,reporter_expression,ACh,115,wang_2024_nt_atlas
DVB,gaba,reporter_expression,GABA,116,wang_2024_nt_atlas
DVC,glutamate,reporter_expression,Glu,117,wang_2024_nt_atlas
FLPL,glutamate,reporter_expression,Glu,118,wang_2024_nt_atlas
FLPR,glutamate,reporter_expression,Glu,119,wang_2024_nt_atlas
HSNL,acetylcholine,reporter_expression,ACh,120,wang_2024_nt_atlas
HSNR,acetylcholine,reporter_expression,ACh,121,wang_2024_nt_atlas
I1L,acetylcholine,reporter_expression,ACh,122,wang_2024_nt_atlas
I1R,acetylcholine,reporter_expression,ACh,123,wang_2024_nt_atlas
I2L,glutamate,reporter_expression,Glu,124,wang_2024_nt_atlas
I2R,glutamate,reporter_expression,Glu,125,wang_2024_nt_atlas
I3,acetylcholine,reporter_expression,ACh,126,wang_2024_nt_atlas
I4,glutamate,reporter_expression_dim_variable,*Glu - NEW,127,wang_2024_nt_atlas
I5,glutamate,reporter_expression,Glu,128,wang_2024_nt_atlas
I6,unknown,orphan_no_pathway_gene_detected,"unknown (orphan, unc-47 expression)",129,wang_2024_nt_atlas
IL1DL,glutamate,reporter_expression,Glu,130,wang_2024_nt_atlas
IL1DR,glutamate,reporter_expression,Glu,131,wang_2024_nt_atlas
IL1L,glutamate,reporter_expression,Glu,132,wang_2024_nt_atlas
IL1R,glutamate,reporter_expression,Glu,133,wang_2024_nt_atlas
IL1VL,glutamate,reporter_expression,Glu,134,wang_2024_nt_atlas
IL1VR,glutamate,reporter_expression,Glu,135,wang_2024_nt_atlas
IL2DL,acetylcholine,reporter_expression,ACh,136,wang_2024_nt_atlas
IL2DR,acetylcholine,reporter_expression,ACh,137,wang_2024_nt_atlas
IL2L,acetylcholine,reporter_expression,ACh,138,wang_2024_nt_atlas
IL2R,acetylcholine,reporter_expression,ACh,139,wang_2024_nt_atlas
IL2VL,acetylcholine,reporter_expression,ACh,140,wang_2024_nt_atlas
IL2VR,acetylcholine,reporter_expression,ACh,141,wang_2024_nt_atlas
LUAL,glutamate,reporter_expression,Glu,142,wang_2024_nt_atlas
LUAR,glutamate,reporter_expression,Glu,143,wang_2024_nt_atlas
M1,acetylcholine,reporter_expression,ACh,144,wang_2024_nt_atlas
M2L,acetylcholine,reporter_expression,ACh,145,wang_2024_nt_atlas
M2R,acetylcholine,reporter_expression,ACh,146,wang_2024_nt_atlas
M3L,glutamate,reporter_expression,Glu,147,wang_2024_nt_atlas
M3R,glutamate,reporter_expression,Glu,148,wang_2024_nt_atlas
M4,acetylcholine,reporter_expression,ACh,149,wang_2024_nt_atlas
M5,acetylcholine,reporter_expression,ACh,150,wang_2024_nt_atlas
MCL,acetylcholine,reporter_expression,ACh,151,wang_2024_nt_atlas
MCR,acetylcholine,reporter_expression,ACh,152,wang_2024_nt_atlas
MI,glutamate,reporter_expression,Glu,153,wang_2024_nt_atlas
NSML,serotonin,reporter_expression,5-HT,154,wang_2024_nt_atlas
NSMR,serotonin,reporter_expression,5-HT,155,wang_2024_nt_atlas
OLLL,glutamate,reporter_expression,Glu,156,wang_2024_nt_atlas
OLLR,glutamate,reporter_expression,Glu,157,wang_2024_nt_atlas
OLQDL,glutamate,reporter_expression,Glu,158,wang_2024_nt_atlas
OLQDR,glutamate,reporter_expression,Glu,159,wang_2024_nt_atlas
OLQVL,glutamate,reporter_expression,Glu,160,wang_2024_nt_atlas
OLQVR,glutamate,reporter_expression,Glu,161,wang_2024_nt_atlas
PDA,acetylcholine,reporter_expression,ACh,162,wang_2024_nt_atlas
PDB,acetylcholine,reporter_expression,ACh,163,wang_2024_nt_atlas
PDEL,dopamine,reporter_expression,DA,164,wang_2024_nt_atlas
PDER,dopamine,reporter_expression,DA,165,wang_2024_nt_atlas
PHAL,glutamate,reporter_expression_dim_variable,*Glu,166,wang_2024_nt_atlas
PHAR,glutamate,reporter_expression_dim_variable,*Glu,167,wang_2024_nt_atlas
PHBL,glutamate,reporter_expression,Glu,168,wang_2024_nt_atlas
PHBR,glutamate,reporter_expression,Glu,169,wang_2024_nt_atlas
PHCL,glutamate,reporter_expression,Glu,170,wang_2024_nt_atlas
PHCR,glutamate,reporter_expression,Glu,171,wang_2024_nt_atlas
PLML,glutamate,reporter_expression,Glu,172,wang_2024_nt_atlas
PLMR,glutamate,reporter_expression,Glu,173,wang_2024_nt_atlas
PLNL,acetylcholine,reporter_expression,ACh,174,wang_2024_nt_atlas
PLNR,acetylcholine,reporter_expression,ACh,175,wang_2024_nt_atlas
PQR,glutamate,reporter_expression,Glu,176,wang_2024_nt_atlas
PVCL,acetylcholine,reporter_expression,ACh,177,wang_2024_nt_atlas
PVCR,acetylcholine,reporter_expression,ACh,178,wang_2024_nt_atlas
PVDL,glutamate,reporter_expression,Glu,179,wang_2024_nt_atlas
PVDR,glutamate,reporter_expression,Glu,180,wang_2024_nt_atlas
PVM,unknown,orphan_no_pathway_gene_detected,unknown (orphan),181,wang_2024_nt_atlas
PVNL,acetylcholine,reporter_expression,ACh,182,wang_2024_nt_atlas
PVNR,acetylcholine,reporter_expression,ACh,183,wang_2024_nt_atlas
PVPL,acetylcholine,reporter_expression,ACh,184,wang_2024_nt_atlas
PVPR,acetylcholine,reporter_expression,ACh,185,wang_2024_nt_atlas
PVQL,unknown,orphan_no_pathway_gene_detected,unknown (orphan),186,wang_2024_nt_atlas
PVQR,unknown,orphan_no_pathway_gene_detected,unknown (orphan),187,wang_2024_nt_atlas
PVR,glutamate,reporter_expression,Glu,188,wang_2024_nt_atlas
PVT,unknown,orphan_no_pathway_gene_detected,"unknown (orphan, unc-47 expression)",189,wang_2024_nt_atlas
PVWL,unknown,orphan_no_pathway_gene_detected,"unknown (orphan, unc-46 expression)",190,wang_2024_nt_atlas
PVWR,unknown,orphan_no_pathway_gene_detected,"unknown (orphan, unc-46 expression)",191,wang_2024_nt_atlas
RIAL,glutamate,reporter_expression,Glu,192,wang_2024_nt_atlas
RIAR,glutamate,reporter_expression,Glu,193,wang_2024_nt_atlas
RIBL,gaba,reporter_expression,GABA,194,wang_2024_nt_atlas
RIBR,gaba,reporter_expression,GABA,195,wang_2024_nt_atlas
RICL,octopamine,reporter_expression,octopamine,196,wang_2024_nt_atlas
RICR,octopamine,reporter_expression,octopamine,197,wang_2024_nt_atlas
RID,unknown,orphan_no_pathway_gene_detected,"Unknown (orphan, unc-47 expression)",198,wang_2024_nt_atlas
RIFL,acetylcholine,reporter_expression,ACh,199,wang_2024_nt_atlas
RIFR,acetylcholine,reporter_expression,ACh,200,wang_2024_nt_atlas
RIGL,glutamate,reporter_expression,Glu,201,wang_2024_nt_atlas
RIGR,glutamate,reporter_expression,Glu,202,wang_2024_nt_atlas
RIH,acetylcholine,reporter_expression,ACh,203,wang_2024_nt_atlas
RIML,glutamate,reporter_expression,Glu,204,wang_2024_nt_atlas
RIMR,glutamate,reporter_expression,Glu,205,wang_2024_nt_atlas
RIPL,acetylcholine,reporter_expression,ACh - NEW,206,wang_2024_nt_atlas
RIPR,acetylcholine,reporter_expression,ACh - NEW,207,wang_2024_nt_atlas
RIR,acetylcholine,reporter_expression,ACh,208,wang_2024_nt_atlas
RIS,gaba,reporter_expression,GABA,209,wang_2024_nt_atlas
RIVL,acetylcholine,reporter_expression,ACh,210,wang_2024_nt_atlas
RIVR,acetylcholine,reporter_expression,ACh,211,wang_2024_nt_atlas
RMDDL,acetylcholine,reporter_expression,ACh,212,wang_2024_nt_atlas
RMDDR,acetylcholine,reporter_expression,ACh,213,wang_2024_nt_atlas
RMDL,acetylcholine,reporter_expression,ACh,214,wang_2024_nt_atlas
RMDR,acetylcholine,reporter_expression,ACh,215,wang_2024_nt_atlas
RMDVL,acetylcholine,reporter_expression,ACh,216,wang_2024_nt_atlas
RMDVR,acetylcholine,reporter_expression,ACh,217,wang_2024_nt_atlas
RMED,gaba,reporter_expression,GABA,218,wang_2024_nt_atlas
RMEL,gaba,reporter_expression,GABA,219,wang_2024_nt_atlas
RMER,gaba,reporter_expression,GABA,220,wang_2024_nt_atlas
RMEV,gaba,reporter_expression,GABA,221,wang_2024_nt_atlas
RMFL,acetylcholine,reporter_expression,ACh,222,wang_2024_nt_atlas
RMFR,acetylcholine,reporter_expression,ACh,223,wang_2024_nt_atlas
RMGL,unknown,orphan_no_pathway_gene_detected,unknown (orphan),224,wang_2024_nt_atlas
RMGR,unknown,orphan_no_pathway_gene_detected,unknown (orphan),225,wang_2024_nt_atlas
RMHL,acetylcholine,reporter_expression,ACh,226,wang_2024_nt_atlas
RMHR,acetylcholine,reporter_expression,ACh,227,wang_2024_nt_atlas
SAADL,acetylcholine,reporter_expression,ACh,228,wang_2024_nt_atlas
SAADR,acetylcholine,reporter_expression,ACh,229,wang_2024_nt_atlas
SAAVL,acetylcholine,reporter_expression,ACh,230,wang_2024_nt_atlas
SAAVR,acetylcholine,reporter_expression,ACh,231,wang_2024_nt_atlas
SABD,acetylcholine,reporter_expression,ACh,232,wang_2024_nt_atlas
SABVL,acetylcholine,reporter_expression,ACh,233,wang_2024_nt_atlas
SABVR,acetylcholine,reporter_expression,ACh,234,wang_2024_nt_atlas
SDQL,acetylcholine,reporter_expression,ACh,235,wang_2024_nt_atlas
SDQR,acetylcholine,reporter_expression,ACh,236,wang_2024_nt_atlas
SIADL,acetylcholine,reporter_expression,ACh,237,wang_2024_nt_atlas
SIADR,acetylcholine,reporter_expression,ACh,238,wang_2024_nt_atlas
SIAVL,acetylcholine,reporter_expression,ACh,239,wang_2024_nt_atlas
SIAVR,acetylcholine,reporter_expression,ACh,240,wang_2024_nt_atlas
SIBDL,acetylcholine,reporter_expression,ACh,241,wang_2024_nt_atlas
SIBDR,acetylcholine,reporter_expression,ACh,242,wang_2024_nt_atlas
SIBVL,acetylcholine,reporter_expression,ACh,243,wang_2024_nt_atlas
SIBVR,acetylcholine,reporter_expression,ACh,244,wang_2024_nt_atlas
SMBDL,acetylcholine,reporter_expression,ACh,245,wang_2024_nt_atlas
SMBDR,acetylcholine,reporter_expression,ACh,246,wang_2024_nt_atlas
SMBVL,acetylcholine,reporter_expression,ACh,247,wang_2024_nt_atlas
SMBVR,acetylcholine,reporter_expression,ACh,248,wang_2024_nt_atlas
SMDDL,acetylcholine,reporter_expression,ACh,249,wang_2024_nt_atlas
SMDDR,acetylcholine,reporter_expression,ACh,250,wang_2024_nt_atlas
SMDVL,acetylcholine,reporter_expression,ACh,251,wang_2024_nt_atlas
SMDVR,acetylcholine,reporter_expression,ACh,252,wang_2024_nt_atlas
URADL,acetylcholine,reporter_expression,ACh,253,wang_2024_nt_atlas
URADR,acetylcholine,reporter_expression,ACh,254,wang_2024_nt_atlas
URAVL,acetylcholine,reporter_expression,ACh,255,wang_2024_nt_atlas
URAVR,acetylcholine,reporter_expression,ACh,256,wang_2024_nt_atlas
URBL,acetylcholine,reporter_expression,ACh,257,wang_2024_nt_atlas
URBR,acetylcholine,reporter_expression,ACh,258,wang_2024_nt_atlas
URXL,acetylcholine,reporter_expression,ACh,259,wang_2024_nt_atlas
URXR,acetylcholine,reporter_expression,ACh,260,wang_2024_nt_atlas
URYDL,glutamate,reporter_expression,Glu,261,wang_2024_nt_atlas
URYDR,glutamate,reporter_expression,Glu,262,wang_2024_nt_atlas
URYVL,glutamate,reporter_expression,Glu,263,wang_2024_nt_atlas
URYVR,glutamate,reporter_expression,Glu,264,wang_2024_nt_atlas
VA1,acetylcholine,reporter_expression,ACh,265,wang_2024_nt_atlas
VA10,acetylcholine,reporter_expression,ACh,274,wang_2024_nt_atlas
VA11,acetylcholine,reporter_expression,ACh,275,wang_2024_nt_atlas
VA12,acetylcholine,reporter_expression,ACh,276,wang_2024_nt_atlas
VA2,acetylcholine,reporter_expression,ACh,266,wang_2024_nt_atlas
VA3,acetylcholine,reporter_expression,ACh,267,wang_2024_nt_atlas
VA4,acetylcholine,reporter_expression,ACh,268,wang_2024_nt_atlas
VA5,acetylcholine,reporter_expression,ACh,269,wang_2024_nt_atlas
VA6,acetylcholine,reporter_expression,ACh,270,wang_2024_nt_atlas
VA7,acetylcholine,reporter_expression,ACh,271,wang_2024_nt_atlas
VA8,acetylcholine,reporter_expression,ACh,272,wang_2024_nt_atlas
VA9,acetylcholine,reporter_expression,ACh,273,wang_2024_nt_atlas
VB1,acetylcholine,reporter_expression,ACh,277,wang_2024_nt_atlas
VB10,acetylcholine,reporter_expression,ACh,286,wang_2024_nt_atlas
VB11,acetylcholine,reporter_expression,ACh,287,wang_2024_nt_atlas
VB2,acetylcholine,reporter_expression,ACh,278,wang_2024_nt_atlas
VB3,acetylcholine,reporter_expression,ACh,279,wang_2024_nt_atlas
VB4,acetylcholine,reporter_expression,ACh,280,wang_2024_nt_atlas
VB5,acetylcholine,reporter_expression,ACh,281,wang_2024_nt_atlas
VB6,acetylcholine,reporter_expression,ACh,282,wang_2024_nt_atlas
VB7,acetylcholine,reporter_expression,ACh,283,wang_2024_nt_atlas
VB8,acetylcholine,reporter_expression,ACh,284,wang_2024_nt_atlas
VB9,acetylcholine,reporter_expression,ACh,285,wang_2024_nt_atlas
VC1,acetylcholine,reporter_expression,ACh,288,wang_2024_nt_atlas
VC2,acetylcholine,reporter_expression,ACh,289,wang_2024_nt_atlas
VC3,acetylcholine,reporter_expression,ACh,290,wang_2024_nt_atlas
VC4,acetylcholine,reporter_expression,ACh,291,wang_2024_nt_atlas
VC5,acetylcholine,reporter_expression,ACh,292,wang_2024_nt_atlas
VC6,acetylcholine,reporter_expression,ACh,293,wang_2024_nt_atlas
VD1,gaba,reporter_expression,GABA,294,wang_2024_nt_atlas
VD10,gaba,reporter_expression,GABA,303,wang_2024_nt_atlas
VD11,gaba,reporter_expression,GABA,304,wang_2024_nt_atlas
VD12,gaba,reporter_expression,GABA,305,wang_2024_nt_atlas
VD13,gaba,reporter_expression,GABA,306,wang_2024_nt_atlas
VD2,gaba,reporter_expression,GABA,295,wang_2024_nt_atlas
VD3,gaba,reporter_expression,GABA,296,wang_2024_nt_atlas
VD4,gaba,reporter_expression,GABA,297,wang_2024_nt_atlas
VD5,gaba,reporter_expression,GABA,298,wang_2024_nt_atlas
VD6,gaba,reporter_expression,GABA,299,wang_2024_nt_atlas
VD7,gaba,reporter_expression,GABA,300,wang_2024_nt_atlas
VD8,gaba,reporter_expression,GABA,301,wang_2024_nt_atlas
VD9,gaba,reporter_expression,GABA,302,wang_2024_nt_atlas
